{
    "elements": [
        {
            "type": "Text",
            "fieldSelector": "#author",
            "options": {
                "left": 30,
                "top": 25,
                "fontSize": 15,
                "fontFamily": "Helvetica",
                "fontWeight": "600",
                "fill": "white"
            }
        },
        {
            "type": "Line",
            "value": [30, 30, "{{canvas.width}} - 30", 30],
            "options": {
                "left": 30,
                "top": 50,
                "stroke": "#ffffff"
            }
        },
        {
            "type": "Textbox",
            "fieldSelector": "#title",
            "export": "text",
            "options": {
                "left": 30,
                "top": 60,
                "fontSize": 40,
                "fontFamily": "Helvetica",
                "fontWeight": "300",
                "textAlign": "left",
                "fill": "white",
                "fixedWidth": "{{canvas.width}} - 40",
                "width": "{{canvas.width}} - 40",
                "lockMovementX": true,
                "lockMovementY": true,
                "selectable": false
            }
        }
    ]
}
